ID;Topicp_1;Topico_2;Topico_3;retweet_count;reply_count;like_count;quote_count;impression_count;bookmark_count
0;Uruguay;MundialSub20;Gol;0;0;0;0;0;
1;Uruguay;MundialSub20;Gambia;0;0;0;0;0;
2;Uruguay;MundialSub20;Gol;0;0;0;0;0;
3;Uruguay;MundialSub20;Gol;0;0;0;0;0;
4;Ecuador;MundialSub20;Christian García Cajas;1;0;0;0;0;
5;Uruguay;MundialSub20;Gol;0;0;0;0;0;
6;Tirano;Negar;Racismo;101;0;0;0;0;
7;Uruguay;MundialSub20;Gol;0;0;0;0;0;
8;Uruguay;MundialSub20;Gol;0;0;0;0;0;
9;Gambia;Uruguay;MundialSub20;1;0;0;0;0;
10;MundialSub20;Partido;Octavos;0;0;0;0;0;
11;Argentina;Desastre;Nacho Saldombide;0;0;0;0;0;
12;Argentina;Racismo;Brasil;0;0;0;0;0;
13;Vamos;MundialSub20;Uruguay;0;0;0;0;0;
14;Anderson Duarte;MundialSub20;Golazo;0;0;0;0;0;
15;Uruguay;MundialSub20;DeLosSantos;0;0;0;0;0;
16;Argentina;Goleada;Blog del Narco;0;0;0;0;0;
17;Uruguay;Gambia;MundialSub20;0;0;0;0;0;
18;Uruguay;Gambia;MundialSub20;0;0;0;0;0;
19;Uruguay;MundialSub20;Gol;0;0;0;0;0;
20;Argentina;Penal;MundialSub20;0;0;0;0;0;
21;Comentarios;Fútbol;Preocupante;0;0;0;0;0;
22;Partido;Goleada;Blog del Narco;0;0;0;0;0;
23;MundialSub20;Hipocresía;Argentina;0;0;0;0;0;
24;Karma;Repudio;Propia medicina;0;0;0;0;0;
25;Barcelona;Mina;Uruguay;0;0;0;0;0;
26;Randall Rodriguez;Gandalf;Uruguay;0;0;0;0;0;
27;Uruguay;MundialSub20;Golazo;1;0;0;0;0;
28;Uruguay;MundialSub20;Gol;0;0;0;0;0;
29;Ecuador;Corea del Sur;MundialSub20;0;0;0;0;0;
30;MundialSub20;Ecuador;Corea;0;0;0;0;0;
31;MundialSub20;Anderson Duarte;Defensor Sporting;7;0;0;0;0;
32;MundialSub20;Anderson Duarte;Uruguay;1;0;0;0;0;
33;Golazo;Pibe;;0;0;0;0;0;
34;MundialSub20;Corea;Ecuador;0;0;0;0;0;
35;Argentina;;;0;0;0;0;0;
36;MundialSub20;LaTri;Corea del Sur;0;0;0;0;0;
37;MundialSub20;Nigeria;Argentina;0;0;0;0;0;
38;Mundialsub20;Ecuador;Asia;0;0;0;0;0;
39;Francia;;;0;0;0;0;0;
40;MundialSub20;Futuras estrellas;Racing;0;0;0;0;0;
41;MundialSub20;Eliminación;Morrongos;0;0;0;0;0;
42;MundialSub20;Mini Tri;PandaIptv;1;0;0;0;0;
43;MundialSub20;Uruguay;Ecuador;0;0;0;0;0;
44;MundialSub20;Justin Cuero;Corea del Sur;0;0;0;0;0;
45;Tapia;MundialSub20;Argentina;1;0;0;0;0;
46;Negro;TyCSports;;0;0;0;0;0;
47;MundialSub20;Ecuador;Corea del Sur;1;0;0;0;0;
48;Periodistas;Minutos;Tapas;0;0;0;0;0;
49;MundialSub20;Mora Godoy;Éxitos;0;0;0;0;0;
50;MundialSub20;Futuras estrellas;Homenaje;0;0;0;0;0;
51;CoolbetEcuador;MundialSub20;Kendry Páez;1;0;0;0;0;
52;Uber;Accidente;;0;0;0;0;0;
53;Periodistas;Minutos;Descuento;0;0;0;0;0;
54;Ganadores;Francia;Códigos;1;0;0;0;0;
55;MundialSub20;Colombia;Italia;0;0;0;0;0;
56;MundialSub20;Ecuador;Corea del Sur;0;0;0;0;0;
57;MundialSub20;Mora Godoy;Éxitos;0;0;0;0;0;
58;MundialSub20;Ecuador;Corea del Sur;0;0;0;0;0;
59;Argentina;Llorar;Chamaco;0;0;0;0;0;
60;Charrúas;Meridionales;MundialSub20;0;0;0;0;0;
61;MundialSub20;FCFSeleccionCol;SanMartínDeSanJuan;1;0;0;0;0;
62;Uruguay;MundialSub20;Terminar;0;0;0;0;0;
63;MundialSub20;Gambia;Uruguay;0;0;0;0;0;
64;MundialSub20;Uruguay;EstadosUnidos;0;0;0;0;0;
65;Nigeria;Ecuador;CoreadelSur;1;0;0;0;0;
66;URUGUAYSUB20;Mundiales;Historial;1;0;0;0;0;
67;MundialSub20;Uruguay;Sub20;0;0;0;0;0;
68;UruguaySub20;MundialSub20;Africa;0;0;0;0;0;
69;MundialSub20;Gambia;Uruguay;0;0;0;0;0;
70;MundialSub20;Uruguay;Gambia;0;0;0;0;0;
71;UruguaySub20;MundialSub20;Eliminatorias;0;0;0;0;0;
72;Llorones;Alegría;Mundial;0;0;0;0;0;
73;MundialSub20;Uruguay;Gambia;0;0;0;0;0;
74;UruguaySub20;MundialSub20;Africa;0;1;0;0;0;
75;Uruguay;MundialSub20;Gambia;0;1;0;0;0;
76;Uruguay;MundialSub20;EEUU;0;0;0;0;0;
77;Uruguay;MundialSub20;Gambia;33;0;0;0;0;
78;MundialSub20;Uruguay;Gambia;0;0;0;0;0;
79;Uruguay;MundialSub20;Gurises;0;0;0;0;0;
80;Uruguay;MundialSub20;EstadosUnidos;4;0;0;0;0;
81;Uruguay;MundialSub20;Inglaterra;0;0;0;0;0;
82;Uruguay;MundialSub20;EEUU;0;0;0;0;0;
83;Uruguay;MundialSub20;AndersonDuarte;0;0;0;0;0;
84;Mufas;Sub20;MundialSub20;0;0;0;0;0;
85;Roma;Sevilla;EuropaLeague;0;0;0;0;0;
86;Argentina;Nigeria;MundialSub20;0;0;0;0;0;
87;Contrarios;MundialSub20;Mejores8;0;0;0;0;0;
88;FalacioReloaded;MundialSub20;Comentarista;0;0;0;0;0;
89;Uruguay;MundialSub20;Gambia;0;0;0;0;0;
90;MundialSub20;fotos;;0;0;0;0;0;
91;Ecuador;clasificación;MundialSub20;0;0;0;0;0;
92;Uruguay;Gambia;MundialSub20;0;0;0;0;0;
93;MundialSub20;Uruguay;Gambia;0;0;0;0;0;
94;MundialSub20;Italia;Colombia;0;0;0;0;0;
95;MundialSub20;TyCSports;kirchnerista;0;0;0;0;0;
96;MundialSub20;fotos;;0;1;0;0;0;
97;TyCSports;Mascherano;MundialSub20;0;1;0;0;0;
98;Uruguay;CuartosDeFinal;MundialSub20;0;0;0;0;0;
99;colo barco;MundialSub20;defensa;0;0;0;0;0;
100;LaTri;octavos de final;MundialSub20;68;0;0;0;0;
101;TyCSports;periodistas;Ecuruguay;0;0;0;0;0;
102;MundialSub20;jugador;inflado;0;0;0;0;0;
103;Argentina;Nigeria;eliminación;0;0;0;0;0;
104;TyCSports;periodistas;Ecuruguay;0;0;0;0;0;
105;MundialSub20;diarios;deportivos;0;0;0;0;0;
106;MundialSub20;FIFA;Ecuador;0;0;0;0;0;
107;RepúblicaDeCorea;MundialSub20;final;2;0;0;0;0;
108;MundialSub20;entrenamiento;octavos;3;0;0;0;0;
109;MundialSub20;Ecuador;CoreaDelSur;0;0;0;0;0;
110;MundialSub20;Nigeria;racismo;0;0;0;0;0;
111;TyCSports;MundialSub20;humildad;1;0;0;0;0;
112;MundialSub20;Selección;Argentina;0;0;1;0;0;
113;MundialSub20;Uruguay;Gambia;0;0;0;0;0;
114;MundialSub20;FootballManager;twitch;23;0;0;0;0;
115;NuevaFotoDePerfil;Uruguay;MundialSub20;0;0;0;0;0;
116;MundialSub20;Ecuador;lesión;0;0;0;0;0;
117;MundialSub20;Uruguay;Gambia;0;0;0;0;0;
118;Uruguay;MundialSub20;CuartosDeFinal;2;0;0;0;0;
119;Uruguay;Gambia;MundialSub20;0;0;0;0;0;
120;MundialSub20;Selección Uruguaya;octavos de final;0;0;0;0;0;
121;MundialSub20;Uruguay;clasificación;0;0;0;0;0;
122;partido bravo;Nigeria;esperanza;0;0;0;0;0;
123;MundialSub20;apoyo;equipo;1;0;0;0;0;
124;MundialSub20;Uruguay;Cuartos de Final;0;0;0;0;0;
125;MundialSub20;Uruguay;victoria;0;0;0;0;0;
126;MundialSub20;Ecuador;Corea del Sur;0;0;0;0;0;
127;MundialSub20;Ecuador;Corea del Sur;0;0;0;0;0;
128;MundialSub20;Ecuador;Corea del Sur;13;0;0;0;0;
129;MundialSub20;Uruguay;Gambia;0;0;0;0;0;
130;MundialSub20;Ecuador;Corea del Sur;0;0;0;0;0;
131;oferta;contenido;adultos;1;0;0;0;0;
132;MundialSub20;apoyo;Ecuador;0;0;0;0;0;
133;MundialSub20;Argentina;Qatar;0;1;0;0;0;
134;MundialSub20;LaTri;alineación;0;1;0;0;0;
135;MundialSub20;jugadores;Argentina;0;0;0;0;0;
136;MundialSub20;Ecuador;Corea del Sur;0;0;0;0;0;
137;MundialSub20;Argentina;Nigeria;0;0;0;0;0;
138;MundialSub20;ritual;jugador;0;0;0;0;0;
139;MundialSub20;Ecuador;Corea del Sur;0;0;0;0;0;
140;MundialSub20;LaTri;Corea del Sur;0;0;0;0;0;
141;MundialSub20;Ecuador;Corea del Sur;1;0;0;0;0;
142;MundialSub20;apoyo;LaTri;0;0;0;0;0;
143;fútbol;programa;televisión;0;0;0;0;0;
144;Argentina;fracaso;vergüenza;0;0;0;0;0;
145;Uruguay;apoyo;insulto;0;0;0;0;0;
146;MundialSub20;Ecuador;Corea del Sur;0;0;0;0;0;
147;MundialSub20;Ecuador;once inicial;0;0;0;0;0;
148;MundialSub20;Ecuador;Corea del Sur;1;0;0;0;0;
149;MundialSub20;Ecuador;Corea del Sur;0;0;0;0;0;
150;MundialSub20;CoreaDelSur;OnceInicial;1;0;0;0;0;
151;MundialSub20;LaTri;OnceTitular;0;0;0;0;0;
152;MundialSub20;LaTri;CoreaDelSur;0;0;0;0;0;
153;MundialSub20;Pibes;Argentina;0;0;0;0;0;
154;TyCSports;Pibes;Generaciones;1;0;0;0;0;
155;MundialSub20;Uruguay;Gambia;0;0;0;0;0;
156;LaTri;OnceTitular;MundialSub20;0;0;0;0;0;
157;AGEcuador;Ecuador;CoreadelSur;0;0;0;0;0;
158;MundialSub20;Uruguay;Gambia;1;0;0;0;0;
159;MundialSub20;Argentina;Fotos;0;0;0;0;0;
160;LaTri;Suplentes;MundialSub20;0;0;0;0;0;
161;MundialSub20;Pibes;Argentina;0;0;0;0;0;
162;Ecuador;CoreaDelSur;Alineación;0;0;0;0;0;
163;Ecuador;CoreaDelSur;Alineaciones;1;0;0;0;0;
164;GMtvecuador;EcuadorSub20;CoreaDelSur;0;0;0;0;0;
165;Argentina;Eliminación;MundialSub20;77;0;0;0;0;
166;havolinedeport;Ecuador;CoreaDelSur;0;0;0;0;0;
167;AGEcuador;Ecuador;CoreadelSur;0;0;0;0;0;
168;magiandtarot;Mufa;Laburo;0;0;0;0;0;
169;TyCSports;Eliminación;Marca;0;0;0;0;0;
170;MundialSub20;FinDeSueño;Eliminación;1;0;0;0;0;
171;Uruguay;MundialSub20;Garracharrúa;2;0;0;0;0;
172;Ecuador;CoreaDelSur;MundialSub20;0;0;0;0;0;
173;Uruguay;Gambia;MundialSub20;0;0;0;0;0;
174;CoreadelSur;LaTri;MundialSub20;0;0;0;0;0;
175;ESPNEcuador;LaTri;CoreaDelSur;0;0;0;0;0;
176;Sub20;Uruguay;EstadosUnidos;0;0;0;0;0;
177;Uruguay;Gambia;MundialSub20;0;0;0;0;0;
178;Nigeria;Argentina;MundialSub20;3;0;0;0;0;
179;TyCSports;MundialSub20;Transmisión;0;0;0;0;0;
180;Ecuador;Corea del Sur;MundialSub20;0;0;0;0;0;
181;MundialSub20;Uruguay;Gambia;0;0;0;0;0;
182;Argentina;;;0;0;0;0;0;
183;MundialSub20;Argentina;Colo Barco;0;0;0;0;0;
184;Uruguay;Gambia;MundialSub20;0;0;0;0;0;
185;Corea del Sur;Ecuador;MundialSub20;0;0;0;0;0;
186;Maradona;opinión;teoría;0;0;0;0;0;
187;Ecuador;Corea;MundialSub20;0;0;0;0;0;
188;Corea del Sur;Ecuador;MundialSub20;0;0;0;0;0;
189;Barcelona;Díaz;Bustos;0;0;0;0;0;
190;Ecuador;Cores del Sur;MundialSub20;1;0;0;0;0;
191;Ecuador;Corea del Sur;MundialSub20;0;0;0;0;0;
192;MundialSub20;Gobernador;Federación de Fútbol;0;0;0;0;0;
193;Corea del Sur;Ecuador;MundialSub20;7;0;0;0;0;
194;MundialSub20;Uruguay;Gambia;0;0;1;0;0;
195;Uruguay;Gambia;MundialSub20;1;0;0;0;0;
196;Santiago del Estero;Uruguay;Gambia;0;0;0;0;0;
197;NBA;MundialSub20;SuperligaArgentina;0;0;0;0;0;
198;MundialSub20;Argentina2023;Gambia;0;0;0;0;0;
199;Ecuador;Corea del Sur;MundialSub20;0;0;0;0;0;
200;Ecuador;Corea del Sur;MundialSub20;0;0;0;0;0;
201;Santiago del Estero;Uruguay;Gambia;0;0;0;0;0;
202;MundialSub20;Ecuador;LaTri;12;0;0;0;0;
203;Ecuador;Corea del Sur;MundialSub20;0;0;0;0;0;
204;Ecuador;Corea del Sur;MundialSub20;0;0;0;0;0;
205;Argentina;MundialSub20;doble moral;0;0;0;0;0;
206;Uruguay;Gambia;MundialSub20;1;0;0;0;0;
207;MundialSub20;Uruguay;cuartos de final;0;0;0;0;0;
208;MundialSub20;Uruguay;prensa europea;0;0;0;0;0;
209;TyCSports;defensa;Colo Barco;1;0;0;0;0;
210;Ecuador;Titulares;MundialSub20;0;0;0;0;0;
211;AIRTM;Pagos;Bitcoin;0;0;0;0;0;
212;Argentina;Ecuador;CoreaDelSur;0;0;0;0;0;
213;Alineaciones;Ecuador;CoreadelSur;0;0;0;0;0;
214;LaTri;OncenaTitular;MundialSub20;0;0;0;0;0;
215;Relator;Comentaristas;MundialSub20;0;0;0;0;0;
216;MadredeCiudades;Presidentes;OctavosDeFinal;0;0;0;0;0;
217;MadredeCiudades;Presidentes;Uruguaya;0;0;0;0;0;
218;Uruguay;CuartosDeFinal;MundialSub20;0;0;0;0;0;
219;CombinadaAcertada;Bundesliga;MundialSub20;328;0;0;0;0;
220;PeriodistasDeportivos;Uruguayos;Mundial;0;0;0;0;0;
221;Formaciones;Ecuador;CoreaDelSur;0;0;0;0;0;
222;EfectoSingapur;Impunidad;Venezuela;0;0;0;0;0;
223;Festejo;Llorones;Nargentinos;0;0;0;0;0;
224;Titulares;Ecuador;MundialSub20;0;0;0;0;0;
225;Ecuador;CoreaDelSur;MundialSub20;1;0;0;0;0;
226;Uruguay;EntreLosOchoMejores;MundialSub20;0;0;0;0;1;
227;Uruguay;EntreLosOchoMejores;MundialSub20;0;0;0;0;0;
228;Bardearlo;Barco;Pibe;0;0;1;0;0;
229;JuntosRegresaremos;MundialSub20;Ecuador;0;0;0;0;0;
230;Titulares;Ecuador;Banquillo;0;0;0;0;0;
231;Tricolor;CoreaDelSur;MundialSub20;0;0;0;0;0;
232;Venezuela;Boca;Argentina;0;0;0;0;0;
233;Estrategia;Ecuador;Coreanos;0;0;0;0;0;
234;TyCSports;Jugador;Inflar;0;0;0;0;0;
235;PropioSueño;MundialSub20;Ecuador;0;0;0;0;0;
236;Relator;Comentarista;MundialSub20;0;0;0;0;0;
237;Gobernador;Grande;GZamoraSDE;0;0;0;0;0;
238;FIFA;Actuar;Oficio;0;0;0;0;0;
239;MarceloBroli;Equipo;Victoria;0;0;0;0;0;
240;Uruguay;campeonato;Copa América;0;0;0;0;0;
241;Anderson Duarte;golazo;confianza;0;0;0;0;0;
242;Alan Minda;;;0;0;0;0;0;
243;Argentina;Nigeria;eliminación;0;0;0;0;0;
244;MundialSub20;Ecuador;CoreaDelSur;0;0;0;0;0;
245;seguridad;Ecuador;CoreadelSur;0;0;0;0;0;
246;Ecuador;expectativas;MundialSub20;0;0;0;0;0;
247;Nigeria;Argentina;polémica;0;0;0;0;0;
248;CoreaDelSur;MundialSub20;;0;0;0;0;0;
249;Kendry Páez;Ecuador;joven promesa;0;0;0;0;0;
250;LaTri;MundialSub20;;0;0;0;0;0;
251;MundialSub20;Argentina;Nigeria;0;0;0;0;0;
252;;;;0;0;0;0;0;
253;Ecuador;KOR;MedioTiempo;0;0;0;0;0;
254;ECUADOR;KOREA DEL SUR;MundialSub20;1;0;0;0;0;
255;Ecuador;himno;MundialSub20;0;0;0;0;0;
256;Nigeria;Argentina;MundialSub20;0;0;0;0;0;
257;Ecuador;MundialSub20;;0;0;0;0;0;
258;MundialSub20;Ecuador;Corea;0;0;0;0;0;
259;MundialSub20;Ecuador;CoreaDelSur;0;0;0;0;0;
260;MundialSub20;Ecuador;CoreaDelSur;0;0;0;0;0;
261;Korea del sur;Super Campones;MundialSub20;0;0;0;0;0;
262;MundialSub20;Ecuador;CoreaDelSur;0;0;0;0;0;
263;Uruguay;Gambia;MundialSub20;0;0;0;0;0;
264;Uruguay;Gambia;MundialSub20;0;0;0;0;0;
265;fútbol;PuntajeIdealEC;comentaristas;0;0;0;0;0;
266;Mini Tri;MundialSub20;;14;0;0;0;0;
267;Ecuador;MundialSub20;;1;0;0;0;0;
268;Tri Sub 20;buen papel;MundialSub20;0;0;0;0;0;
269;Mascherano;Chiqui Tapia;ausencias;0;0;0;0;0;
270;MundialSub20;Ecuador;CoreaDelSur;0;0;0;0;0;
271;MundialSub20;Ecuador;CoreaDelSur;0;0;0;0;0;
272;MundialSub20;Ecuador;CoreaDelSur;0;0;0;0;0;
273;MundialSub20;Ecuador;CoreaDelSur;0;0;0;0;0;
274;MundialSub20;Ecuador;CoreaDelSur;0;0;0;0;0;
275;MundialSub20;Ecuador;KendryPaez;0;0;0;0;0;
276;MundialSub20;Ecuador;CoreaDelSur;0;0;0;0;0;
277;MundialSub20;Uruguay;EstadosUnidos;0;0;0;0;0;
278;MundialSub20;Ecuador;CoreaDelSur;0;0;0;0;0;
279;MundialSub20;Ecuador;CoreaDelSur;0;0;0;0;0;
280;MundialSub20;Ecuador;CoreaDelSur;0;0;0;0;0;
281;MundialSub20;Ecuador;CoreaDelSur;1;0;0;0;0;
282;MundialSub20;Ecuador;CoreaDelSur;1;0;0;0;0;
283;MundialSub20;ECUvsCOR;LaRadioQueSiempreEstá;0;0;0;0;0;
284;MundialSub20;Ecuador;CoreaDelSur;0;0;0;0;0;
285;MundialSub20;Ecuador;CoreaDelSur;0;0;0;0;0;
286;MundialSub20;Ecuador;CoreaDelSur;0;0;0;0;0;
287;MundialSub20;Ecuador;CoreaDelSur;1;0;0;0;0;
288;MundialSub20;Ecuador;CoreaDelSur;0;0;0;0;0;
289;MundialSub20;Ecuador;CoreaDelSur;0;0;0;0;0;
290;MundialSub20;LaTri;CoreadelSur;0;0;0;0;0;
291;MundialSub20;Ecuador;CoreaDelSur;0;0;0;0;0;
292;MundialSub20;Uruguay;Gambia;0;0;0;0;0;
293;MundialSub20;Ecuador;CoreaDelSur;0;0;0;0;0;
294;MundialSub20;Ecuador;CoreaDelSur;0;0;0;0;0;
295;marcadorec;VendedorDeHumo;;0;0;0;0;0;
296;MundialSub20;Ecuador;CoreaDelSur;0;0;0;0;0;
297;MundialSub20;Ecuador;CoreaDelSur;0;0;0;0;0;
298;MundialSub20;Minitri;KendryPaez;0;0;0;0;0;
299;MundialSub20;Uruguay;EstadosUnidos;0;0;0;0;0;
300;DeportesTolima;LigaBetPlay;Noticias;0;0;0;0;0;
301;Ecuador;CoreadelSur;Mundialsub20;0;0;0;0;0;
302;MundialSub20;Uruguay;Gambia;0;0;0;0;0;
303;Santiago;Estero;MundialSub20;0;0;0;0;0;
304;Mascherano;SeleccionArgentina;Mundialsub20;0;0;0;0;0;
305;MundialSub20;Ecuador;Corea;0;0;0;0;0;
306;Ecuador;CoreadelSur;Mundialsub20;4;0;0;0;0;
307;Ecuador;CoreadelSur;Mundialsub20;0;0;1;0;0;
308;MundialSub20;Ecuador;Corea;0;0;0;0;0;
309;SpiderVerse;Mundialsub20;Uk;0;0;0;0;0;
310;Barco;MundialSub20;Deportes;0;0;0;0;0;
311;Tri;MundialSub20;Gol;1;0;0;0;0;
312;Tri;Mundialsub20;Gana;0;0;0;0;0;
313;REDato;Ecuador;MundialSub20;0;0;0;0;0;
314;MundialSub20;Entenados;Calamar;0;0;0;0;0;
315;EdgarBaezP;Gol;MundialSub20;0;0;0;0;0;
316;LaTri;MundialSub20;FIFAWorldCup;0;0;0;0;0;
317;MundialSub20;Gobernador;Uruguay;0;0;0;0;0;
318;MundialSub20;Mendoza;FIFAU20WorldCup;0;0;0;0;0;
319;TyCSports;Máquina;Detiene;0;0;0;0;0;
320;ECU;COR;MundialSub20;0;0;0;0;0;
321;AUR;JSCT;FOROINTERNACIONAL;0;0;0;0;0;
322;MundialSub20;Uruguay;Gambia;0;0;0;0;0;
323;Ecuador;KoreadelSur;MundialSub20;0;0;0;0;0;
324;ECUvsCOR;MundialSub20;LaRadioQueSiempreEstá;0;0;0;0;0;
325;MundialSub20;Ecuador;CoreaDelSur;0;0;0;0;0;
326;COR;ECUvsCOR;MundialSub20;0;0;0;0;0;
327;MundialSub20;Ecuador;CoreaDelSur;0;0;0;0;0;
328;CoreaDelSur;MundialSub20;Ecuador;0;0;0;0;0;
329;MundialSub20;Ecuador;CoreaDelNorte;0;0;0;0;0;
330;Gol;CoreaDelSur;MundialSub20;0;0;0;0;0;
331;Gol;CoreaDelSur;MundialSub20;0;0;0;0;0;
332;Gol;CoreaDelSur;MundialSub20;0;0;0;0;0;
333;Gol;CoreaDelSur;MundialSub20;0;0;0;0;0;
334;Ecuador;MundialSub20;Decepción;0;0;0;0;0;
335;Gol;CoreaDelSur;Ecuador;0;0;0;0;0;
336;Golazo;CoreaDelSur;LaTri;0;0;0;0;0;
337;Gol;CoreaDelSur;Ecuador;1;0;0;0;0;
338;KPáez;Individualista;Engaño;0;0;0;0;0;
339;Ecuador;CoreaDelSur;MundialSub20;0;0;0;0;0;
340;Gol;CoreaDelSur;Ecuador;0;0;0;0;0;
341;Gol;CoreaDelSur;Ecuador;0;0;0;0;0;
342;Ecuador;CoreaDelSur;MundialSub20;0;0;0;0;0;
343;Gol;CoreaDelSur;Ecuador;0;0;0;0;0;
344;MarcadorEC;Comentario;MundialSub20;0;0;0;0;0;
345;Golazo;CoreaDelSur;MundialSub20;0;0;0;0;0;
346;Gol;CoreaDelSur;MundialSub20;0;0;0;0;0;
347;Gol;CoreaDelSur;Ecuador;0;0;0;0;0;
348;TiroDeEsquina;ECUvsCOR;MundialSub20;0;0;0;0;0;
349;Remate;Ecuador;CoreaDelSur;0;0;0;0;0;
350;Gol;CoreaDelSur;Ecuador;0;0;0;0;0;
351;Pelotazos;MundialSub20;Juego;0;0;0;0;0;
352;Gol;CoreaDelSur;Ecuador;0;0;0;0;0;
353;Gol;CoreaDelSur;Ecuador;0;0;0;0;0;
354;Garcia;Equilibrio;MundialSub20;0;0;0;0;0;
355;Gol;CoreaDelSur;LaTri;0;0;0;0;0;
356;Gol;CoreaDelSur;MundialSub20;0;0;0;0;0;
357;Gol;CoreaDelSur;Ecuador;0;0;0;0;0;
358;Defensa;Ecuador;MundialSub20;4;0;0;0;0;
359;Korea;Ecuador;MundialSub20;0;0;0;0;0;
360;Racismo;Insulto;Discriminación;0;0;0;0;0;
361;Series;Televisión;Entretenimiento;0;0;0;0;0;
362;Fútbol;Goles;Deportes;0;0;0;0;0;
363;Fútbol;Error;Gol;1;0;0;0;0;
364;Fútbol;Dominio;Corea;1;0;0;0;0;
365;Fútbol;Gol;Corea;1;0;0;0;0;
366;Fútbol;Corea;Goles;0;0;0;0;0;
367;Fútbol;Jugadores;Crítica;0;0;0;0;0;
368;Fútbol;Gol;Corea;0;0;0;0;0;
369;Redes sociales;Películas;Deportes;0;0;0;0;0;
370;Fútbol;Crítica;Ecuador;0;0;0;0;0;
371;Fútbol;Gol;Corea;0;0;0;0;0;
372;Fútbol;Entrenador;Comentario;0;0;0;0;0;
373;Fútbol;Golazo;Corea;0;0;0;0;0;
374;Fútbol;Dominio;Corea;0;0;0;0;0;
375;Fútbol;Gol;Corea;0;0;0;0;0;
376;Fútbol;Corea;Dominio;0;0;0;0;0;
377;Fútbol;Gol;Corea;0;0;0;0;0;
378;Fútbol;Precisión;Corea;0;0;0;0;0;
379;Fútbol;Gol;Corea;0;0;0;0;0;
380;Fútbol;Golazo;Corea;0;0;0;0;0;
381;Fútbol;Sorpresa;Ecuador;0;0;0;0;0;
382;Fútbol;Dominio;Corea;0;0;0;0;0;
383;Fútbol;Errores;Defensa;0;0;0;0;0;
384;Fútbol;Ataque;Corea;0;0;0;0;0;
385;Fútbol;Gol;Corea;0;0;0;0;0;
386;Fútbol;Crítica;Selección;0;0;0;0;0;
387;Fútbol;Eliminación;Desilusión;1;0;0;0;0;
388;Fútbol;Toque;Gol;1;0;0;0;0;
389;Fútbol;Gol;Corea;17;0;0;0;0;
390;MundialSub20;Coreano;;5;0;0;0;0;
391;CoreaDelSur;MundialSub20;Golazos;0;0;0;0;0;
392;KoreadelSur;MundialSub20;Gol;0;0;0;0;0;
393;Ecuador;Korea;MundialSub20;0;0;0;0;0;
394;BaeJoon-Ho;CoreaDelSur;MundialSub20;0;0;0;0;0;
395;Ecuador;MundialSub20;Laterales;0;0;0;0;0;
396;GOOOLLL;Jun-HoBae;CoreadelSur;0;0;0;0;0;
397;MundialSub20;EscaleraalCielo;TresFamilias;0;0;0;0;0;
398;MundialSub20;Ecuador;Corea;1;0;0;0;0;
399;Páez;Fiji;Honduras;0;0;0;0;0;
400;Ecuador;KOR;MundialSub20;1;0;0;0;0;
401;MundialSub20;KoreadelSur;Ecuador;0;0;2;0;0;
402;CoreadelSur;MundialSub20;Golazos;1;0;0;0;0;
403;MundialSub20;Korea;Goles;0;0;0;0;0;
404;CoreaDelSur;MundialSub20;Gol;0;0;0;0;0;
405;CoreaDelSur;MundialSub20;Gol;1;0;0;0;0;
406;Ecuador;Corea;MundialSub20;0;0;0;0;0;
407;Ecuador;Marcadorderecho;MundialSub20;0;0;0;0;0;
408;CoreadelSur;MundialSub20;Campeonar;0;0;0;0;0;
409;MundialSub20;CoreaDelSur;Gol;0;0;0;0;0;
410;Ecuador;CoreaDelSur;MundialSub20;0;0;0;0;0;
411;Ecuador;MundialSub20;Jugadores;0;0;0;0;0;
412;Fiji;Ecuador;MundialSub20;0;0;0;0;0;
413;Ecuador;CoreaDelSur;MundialSub20;0;0;0;0;0;
414;Fiji;Ecuador;MundialSub20;0;0;0;0;0;
415;MundialSub20;CoreaDelSur;Gol;0;0;0;0;0;
416;MundialSub20;CoreaDelSur;Juego;0;0;0;0;0;
417;Korea;MundialSub20;Ecuador;0;0;0;0;0;
418;Asiático;MundialSub20;CoreaDelSur;0;0;0;0;0;
419;Ecuador;PolicíaNacional;AtaquesTerroristas;0;0;0;0;0;
420;risa;sorpresa;internet;0;0;0;0;0;
421;fútbol;jugador;Korea;0;0;0;0;0;
422;advertencia;medios;exageración;0;0;0;0;0;
423;fútbol;gol;CoreaDelSur;0;0;0;0;0;
424;sorpresa;MundialSub20;Ecuador;0;0;0;0;0;
425;fútbol;EstadosUnidos;cuartosdefinal;0;0;0;0;0;
426;entrenamiento;MundialSub20;CoreadelSur;0;0;0;0;0;
427;MundialSub20;Argentina;Nigeria;0;0;0;0;0;
428;expresión;confusión;comentario;0;0;0;0;0;
429;MundialSub20;Uruguay;Uzbekistán;0;0;0;0;0;
430;Uruguay;entrenamiento;MundialSub20;0;0;0;0;0;
431;fútbol;EEUU;trabajo;0;0;0;0;0;
432;opinión;MundialSub20;candidatos;0;0;0;0;0;
433;MundialSub20;Uruguay;viaje;0;0;0;0;0;
434;Uruguay;entrenamiento;SantiagoDelEstero;0;0;0;0;0;
435;fútbol;EstadosUnidos;NuevaZelanda;0;0;0;0;0;
436;MundialSub20;EstadosUnidos;NuevaZelanda;0;0;0;0;0;
437;MundialSub20;Uzbekistán;Israel;0;0;0;0;0;
438;MundialSub20;campo;destrozado;0;0;0;0;0;
439;fútbol;EstadosUnidos;candidato;0;0;0;0;0;
440;fútbol;EstadosUnidos;MundialSub20;0;0;0;0;0;
441;MundialSub20;público;Sub20;2;0;0;0;0;
442;MundialSub20;LukaRomero;Quilmes;0;0;0;0;0;
443;MundialSub20;Uzbekistán;Israel;0;0;0;0;0;
444;MundialSub20;Uzbekistán;Israel;0;0;0;0;0;
445;consulta;transmisión;fútbol;21;0;0;0;0;
446;MundialSub20;Uzbekistán;Israel;0;0;0;0;0;
447;MundialSub20;Israel;Mendoza;0;0;0;0;0;
448;MundialSub20;LukaRomero;Quilmes;0;0;0;0;0;
449;MundialSub20;Uzbekistán;Israel;6;0;0;0;0;
450;Duelo de hinchadas;MundialSub20;Argentina2023;0;0;0;0;0;
451;Deportivo 2020 Envivo;Deportes;AlianzadeRadiosOnline;0;0;0;0;0;
452;Cade Cowell;MundialSub20;FOXSoccer;0;0;0;0;0;
453;MundialSub20;Uzbekistan;Israel;52;0;0;0;0;
454;Estados Unidos;Nueva Zelanda;MundialSub20;0;1;0;0;0;
455;Soccer;;;0;1;0;0;0;
456;MundialSub20;Uzbekistan;Israel;0;0;0;0;0;
457;UZBvsISR;MundialSub20;;0;0;0;0;0;
458;MundialSub20;USA;NuevaZelanda;1;0;0;0;0;
459;MundialSub20;Uzbekistan;Israel;3;0;0;0;0;
460;Brandan Craig;MundialSub20;;0;0;0;0;0;
461;MundialSub20;Óscar Cortés;Fase de grupos;0;0;0;0;0;
462;MundialSub20;público argentino;Sub20;2;0;0;0;0;
463;USA;Nueva Zelanda;MundialSub20;0;0;0;0;0;
464;Estados Unidos;Nueva Zelanda;MundialSub20;0;0;0;0;0;
465;TyCSports;;;0;0;0;0;0;
466;Estados Unidos;Nueva Zelanda;MundialSub20;1;0;0;0;0;0.0
467;Estados Unidos;Nueva Zelanda;MundialSub20;7;0;0;0;0;
468;Israel;MundialSub20;;0;0;0;0;0;
469;MundialSub20;Gambia;Octavos de Final;1;0;0;0;0;
470;MundialSub20;EEUU;Nueva Zelanda;0;0;0;0;0;
471;MundialSub20;Uzbekistan;Israel;0;0;0;0;0;
472;MundialSub20;golito;buena vibra;0;0;0;0;0;
473;MundialSub20;golito;buena vibra;8;0;0;0;0;
474;Estados Unidos;Nueva Zelanda;MundialSub20;0;0;0;0;0;
475;Estados Unidos;Nueva Zelanda;MundialSub20;1;0;0;0;0;
476;MundialSub20;Pepe Romero;Argentina;0;0;0;0;0;
477;Estados Unidos;Nueva Zelanda;MundialSub20;8;0;0;0;0;
478;goleada gringa;MundialSub20;;0;0;0;0;0;
479;Estados Unidos;Nueva Zelanda;MundialSub20;0;0;0;0;0;
480;apoyo a Israel;;;181;0;0;0;0;
481;edad de Luna;;;66;0;0;0;0;
482;rivalidad con Gambia;confianza en equipo;Mundial Sub20;4;0;0;0;0;
483;enojo de Nigeria;Mundial Sub20;;169;0;0;0;0;
484;clasificación de Estados Unidos;Mundial Sub20;;45;0;0;0;0;
485;partido Uzbekistan-Israel;Mundial Sub20;;91;0;0;0;0;
486;enojo de Nigeria;Mundial Sub20;;0;0;0;0;0;
487;enojo de Nigeria;Mundial Sub20;;1;0;0;0;0;0.0
488;control del juego;posesión de pelota;Mundial Sub20;0;0;0;0;0;
489;QR en taxis;promoción turística;Mundial Sub20;35;0;0;0;0;
490;nombre de territorios;Argentina;;38;0;0;0;0;
491;sueño de USMNT;Mundial Sub20;;0;0;0;0;0;
492;destacando selección sub20;;;53;0;0;0;0;
493;hijo de Haim Revivo;Mundial Sub20;;0;0;0;0;0;
494;partido Inglaterra-Uruguay;Mundial Sub20;;0;0;0;0;0;
495;partido octavos de final;Mundial Sub20;;103;0;0;0;0;
496;partido Uzbekistan-Israel;Mundial Sub20;;35;0;0;0;0;
497;partido Uzbekistan-Israel;Mundial Sub20;;21;0;0;0;0;
498;octavos de final;Colombia;Mundial Sub20;0;0;0;0;0;
499;partido Uzbekistan-Israel;Mundial Sub20;;18;0;0;0;0;
500;partido Uzbekistan-Israel;Mundial Sub20;;0;0;0;0;0;
501;partido Uzbekistan-Israel;Mundial Sub20;;20;0;0;0;0;
502;Ecuador en Mundial Sub20;;;0;0;0;0;0;
503;clasificación de Estados Unidos;Mundial Sub20;;0;0;0;0;0;
504;partido Estados Unidos-Nueva Zelanda;Mundial Sub20;;48;0;0;0;0;
505;felicitación a Nacho;;;24;0;0;0;0;
506;partidos de octavos de final;Mundial Sub20;;0;0;0;0;0;
507;nombre de territorios;Argentina;;38;0;0;0;0;
508;clasificación de Estados Unidos;Mundial Sub20;goleada a Nueva Zelanda;0;0;0;0;0;
509;nombre de territorios;Argentina;;13;0;0;0;0;
510;MundialSub20;Octavos;Mendoza;730;0;0;0;0;
511;U20WC;Comenzó;Malvinas Argentinas;0;0;0;0;0;0.0
512;Foto;PatoCornejo;USYNT;1;0;0;0;0;0.0
513;TelecentroAr;Servicio;PersonalAr;0;0;0;0;0;
514;MundialSub20;Argentina2023;Estados Unidos;36;0;0;0;0;
515;Fixture;MundialSub20;PDN;23;0;0;0;0;
516;Estados Unidos;Nueva Zelanda;Goleada;57;0;0;0;0;
517;TelecentroAr;Servicio;DNDConsumidor;29;0;0;0;0;
518;DT;Albiceleste;Nigeria;0;0;0;0;0;
519;MundialSub20;Octavos;Uzbekistán;50;0;0;0;0;
520;Hazaña;Deportiva;Israel;0;0;0;0;0;
521;Brasil;MundialSub20;Israel;30;0;0;0;0;0.0
522;Israelita;MundialSub20;Brasil;9;0;0;0;0;
523;TNTSportsBR;Brasileños;Cuartos;0;0;0;0;0;
524;MundialSub20;Israel;Brasil;0;0;0;0;0;
525;Brasil;Israel;MundialSub20;0;0;0;0;0;
526;Colombia;Italia;VIVO;1;0;0;0;0;
527;Israel;MundialSub20;Sorpresa;0;0;0;0;0;
528;ElGuille;Gladis Olivares;Cúcuta;0;0;0;0;0;
529;Israel;MundialSub20;Brasil;0;0;0;0;0;
530;Canarinha;Marcos Leonardo;Prórroga;1;0;0;0;0;
531;Matheus;Hamza Shibli;Turgeman;0;0;0;0;0;
532;Israel;MundialSub20;Brasil;0;0;0;0;0;
533;NoaHakim;Israel;Brasil;0;0;0;0;0;0.0
534;Mundiales;Magia;Sorprendentes;48;0;0;0;0;
535;MARY_0677;FCFSeleccionCol;MillosFCoficial;0;0;0;0;0;
536;Golazo;Israel;Brasil;184;0;0;0;0;
537;Israel;Brasil;MundialSub20;63;0;0;0;0;
538;histoporte_;Eliminado;Clasificar;103;0;0;0;0;
539;Batacazo;Israelí;Brasil;0;0;0;0;0;
540;Opinión;;;32;0;0;0;0;
541;MundialSub20;;;0;0;0;0;0;
542;MundialSub20;Eliminación;Israel;2;0;0;0;0;
543;Brasil;Suramérica;Fútbol juvenil;0;0;0;0;0;
544;Dor Turgeman;Brasil;MundialSub20;21;0;0;0;0;
545;Israel;Brasil;MundialSub20;0;0;0;0;0;
546;Colombia;Italia;MundialSub20;15;0;0;0;0;
547;Israel;MundialSub20;Semifinalista;0;0;0;0;0;
548;Fracaso;MundialSub20;Selecciones;7;0;0;0;0;
549;Israel;Brasil;MundialSub20;48;0;0;0;0;
550;Israel;Brasil;MundialSub20;19;0;0;0;0;
551;Israel;MundialSub20;Semifinalista;0;0;0;0;0;
552;MundialSub20;Eliminación;Selecciones;0;0;0;0;0;
553;Israel;Brasil;MundialSub20;0;0;0;0;0;
554;Consulta;Detalles;Caso;0;0;0;0;0;
555;Israel;Brasil;MundialSub20;0;0;0;0;0;0.0
556;MundialSub20;Argentina;Nueva Zelanda;0;0;0;0;0;0.0
557;MundialSub20;Argentina;Estadio;0;0;0;0;0;
558;MundialSub20;Argentina2023;Campeón inédito;0;0;0;0;0;
559;Brasil;MundialSub20;Fracaso;0;0;0;0;0;
560;MundialSub20;Argentina;Nueva Zelanda;1;0;0;0;0;
561;MundialSub20;Argentina;Nueva Zelanda;0;0;0;0;0;
562;MundialSub20;Argentina;Himno;0;0;0;0;0;
563;Israel;Brasil;MundialSub20;0;0;0;0;0;
564;MundialSub20;Argentina2023;Campeón inédito;0;0;0;0;0;
565;Israel;Brasil;MundialSub20;1;0;0;0;0;
566;MundialSub20;Argentina;Gol;0;0;0;0;0;
567;MundialSub20;Argentina;Nueva Zelanda;0;0;0;0;0;
568;Eduardo Luis;Arquero;Marquinez;0;0;0;0;0;
569;MundialSub20;Argentina;Gol;0;0;0;0;0;
570;Argentina;MundialSub20;partido;1;0;0;0;0;0.0
571;MundialSub20;Colombia;emoción;1;0;0;0;0;
572;Argentina;MundialSub20;golazo;0;0;0;0;0;0.0
573;MundialSub20;CONMEBOL;palmarés;0;0;0;0;0;
574;Argentina;MundialSub20;final;0;0;0;0;0;
575;Argentina;MundialSub20;partido;0;0;0;0;0;0.0
576;Argentina;MundialSub20;cambio;0;0;0;0;0;
577;Colombia;Italia;MundialSub20;0;1;0;0;0;
578;Argentina;MundialSub20;cambio;0;0;0;0;0;
579;TUDNMEX;penal;falla;0;0;0;0;0;
580;Argentina;MundialSub20;cambio;0;0;0;0;0;
581;Israel;Brasil;MundialSub20;23;0;0;0;0;0.0
582;MundialSub20;Brasil;Israel;0;0;0;0;0;
583;Argentina;MundialSub20;penal;0;0;0;0;0;
584;Argentina;MundialSub20;cambio;0;0;0;0;0;
585;Brasil;MundialSub20;eliminación;0;0;0;0;0;
586;Argentina;MundialSub20;partido;0;0;0;0;0;
587;Israel;Brasil;MundialSub20;1;0;0;0;0;
588;Argentina;MundialSub20;amonestación;6;0;0;0;0;
589;Argentina;MundialSub20;partido;0;0;0;0;0;
590;TNTSportsBR;2026;esperanza;1;0;0;0;0;0.0
591;Israel;Brasil;MundialSub20;0;0;0;0;0;
592;Colombia;MundialSub20;oportunidad;0;0;0;0;0;
593;Argentina;MundialSub20;partido;0;0;0;0;0;
594;Argentina;MundialSub20;preparación;1;0;0;0;0;
595;Brasil;Israel;MundialSub20;0;0;0;0;0;
596;Argentina;MundialSub20;partido;0;0;0;0;0;
597;Argentina;MundialSub20;confianza;0;0;0;0;0;
598;Israel;Brasil;semifinales;0;0;0;0;0;
599;Argentina;MundialSub20;partido;0;0;0;0;0;
600;MundialSub20;Israel;Brasil;0;0;0;0;0;
601;MundialSub20;campeones;octavos;0;0;0;0;0;0.0
602;Nigeria;;;0;0;0;0;0;
603;U20WC;trofeos;imagen;0;0;0;0;0;
604;Indonesia;Israel;MundialSub20;0;0;0;0;0;
605;MundialSub20;Israel;Brasil;0;0;0;0;0;0.0
606;oportunidad;ganar;MundialSub20;0;0;0;0;0;
607;MundialSub20;goles;Israel;0;0;0;0;0;0.0
608;Israel;Brasil;MundialSub20;0;0;0;0;0;
609;Árabes;Israel;MundialSub20;0;0;0;0;0;0.0
610;Israel;weena;;0;0;0;0;0;
611;Israel;Brasil;MundialSub20;0;0;0;0;0;
612;Israel;MundialSub20;Brasil;0;0;0;0;0;
613;Nigeria;;;0;0;0;0;0;
614;MundialSub20;Israel;Brasil;0;0;0;0;0;
615;MundialSub20;estadio;San Juan;0;0;0;0;0;
616;cumbamba;cámara;ego;0;0;0;0;0;
617;MundialSub20;Argentina;Nigeria;0;0;0;0;0;
618;MundialSub20;Argentina;Nigeria;0;0;0;0;0;
619;MundialSub20;Argentina2023;Israel;0;0;0;0;0;
620;Israel;país;;0;0;0;0;0;
621;MundialSub20;árbitro;minutos;0;0;0;0;0;
622;MundialSub20;Federico Redondo;amonestado;0;0;0;0;0;
623;MundialSub20;Argentina;Nigeria;0;0;0;0;0;
624;MundialSub20;Israel;Brasil;0;0;0;0;0;
625;MundialSub20;Israel;Brasil;0;0;0;0;0;0.0
626;MundialSub20;Israel;Brasil;0;0;0;0;0;
627;MundialSub20;Argentina;cambio;1;0;0;0;0;
628;Brasil;Israel;MundialSub20;0;0;0;0;0;0.0
629;MundialSub20;Brasil;Israel;0;0;0;0;0;
630;Reino animal;Curiosidades;Animales;0;0;0;0;0;0.0
631;MundialSub20;Argentina;Amonestación;4;0;0;0;0;
632;MundialSub20;Argentina;Amonestación;0;0;0;0;0;
633;MundialSub20;Javier Mascherano;Partido;0;0;0;0;0;
634;MundialSub20;Javier Mascherano;Nigeria;0;0;0;0;0;
635;MundialSub20;Javier Mascherano;Partido;0;0;0;0;0;
636;MundialSub20;Brasil;Israel;0;0;0;0;0;
637;Apuestas;GolCaracol;Humor;0;0;0;0;0;0.0
638;Camellos;Supervivencia;Desierto;0;0;0;0;0;
639;MundialSub20;TNTSportsBR;Ganador;0;0;0;0;0;
640;MundialSub20;Israel;Semifinal;0;0;0;0;0;
641;MundialSub20;Israel;Brasil;0;0;0;0;0;
642;Oprah Winfrey;Frases célebres;YouTube;0;0;0;0;0;
643;MundialSub20;Brasil;Israel;0;0;0;0;0;
644;Canguros;Salto;Animales;0;0;0;0;0;
645;MundialSub20;Brasil;Israel;0;0;0;0;0;
646;Nelson Mandela;Frases célebres;YouTube;0;0;0;0;0;
647;MundialSub20;Brasil;Derrota;0;0;0;0;0;
648;Albert Einstein;Frases célebres;YouTube;0;0;0;0;0;
649;MundialSub20;Israel;Brasil;1;0;0;0;0;
650;Ramon;TNTSportsBR;Comentario;0;0;0;0;1;
651;MundialSub20;Israel;Brasil;0;0;0;0;0;
652;MundialSub20;Italia;Colombia;0;0;0;0;0;
653;Reloj antiguo;Resistencia;YouTube;0;0;0;0;0;
654;Selección Colombia;Positivos;MundialSub20;3;0;0;0;0;
655;John Lennon;Frases célebres;YouTube;0;0;0;0;0;
656;MundialSub20;Colombia;Italia;0;0;0;0;0;
657;MundialSub20;Italia;Titulares;0;0;0;0;0;
658;MundialSub20;Colombia;Italia;0;0;0;0;0;
659;Ornitorrinco;Misterio;Naturaleza;0;0;0;0;0;
660;Israel;MundialSub20;Brasil;0;0;0;0;0;
661;FútbolBrasileño;Tristeza;Opinión;0;0;0;0;0;
662;CrimenesHumanidad;Noticias;Actualidad;0;0;0;0;0;
663;SelecciónColombia;MundialSub20;Partido;0;0;0;0;0;
664;MundialSub20;Colombia;Italia;0;0;0;0;0;
665;SelecciónColombiana;JugadoresDestacados;BayerLeverkusen;0;0;0;0;0;
666;Wanderers;Danubio;FútbolAlMáximo;0;0;0;0;0;
667;Genocidio;Opinión;Política;0;0;0;0;0;
668;MundialSub20;Público;Asistencia;0;0;0;0;0;
669;Colombia;Italia;MundialSub20;0;0;0;0;0;
670;TwerkColombia;Entretenimiento;RedesSociales;0;0;0;0;0;
671;MundialSub20;Israel;Opinión;0;0;0;0;0;
672;SelecciónFútbolIsrael;CohesiónSocial;DesarrolloPaís;0;0;0;0;0;
673;SelecciónItaliana;MundialSub20;JugadoresUnidos;0;0;0;0;0;
674;Israel;MundialSub20;Campeonato;0;0;0;0;0;
675;MundialSub20;Israel;Brasil;0;0;0;0;0;
676;SelecciónColombiana;Azzurri;MundialSub20;0;0;0;0;0;
677;MundialSub20;Israel;Brasil;0;0;0;0;0;
678;SelecciónItaliana;MundialSub20;JugadoresUnidos;0;0;0;0;0;
679;Israel;Opinión;Elogio;0;0;0;0;0;
680;MundialSub20;SelecciónColombiana;OscarCortés;0;0;0;0;0;
681;Israel;MundialSub20;Campeonato;0;0;0;0;0;
682;SelecciónColombiana;MundialSub20;Apoyo;0;0;0;0;0;
683;Suramérica;Colombia;MundialSub20;0;0;0;0;0;0.0
684;MundialSub20;Colombia;Italia;0;0;0;0;0;
685;MundialSub20;Israel;Brasil;0;0;0;0;0;
686;MundialSub20;Israel;Brasil;0;0;0;0;0;
687;MundialSub20;Israel;Brasil;0;0;0;0;0;0.0
688;Felicitaciones;Embajador;Triunfo;0;0;0;0;0;
689;VamosColombia;Tricolor;MundialSub20;0;0;0;0;0;
690;Selección;MundialSub20;Colombia;1;0;0;0;0;
691;Traductor;MundialSub20;Israel;0;0;0;0;0;
692;Colombia;Italia;MundialSub20;0;0;0;0;0;
693;Colombia;MundialSub20;ItaliaVsColombia;0;0;0;0;0;
694;Colombia;MundialSub20;Selección;0;0;0;0;0;
695;Felicitaciones;;;0;0;0;0;0;
696;MundialSub20;Clubes;Análisis;0;0;0;0;0;
697;Saludos;TNTSportsBR;CazeTVOficial;0;0;0;0;0;
698;MundialSub20;Italia;Argentina;0;0;0;0;0;
699;MundialSub20;ColombiaVsItalia;Descanso;0;0;0;0;0;0.0
700;Conclusiones;Giovane;Equipo;0;0;1;0;0;
701;Azzurri;MundialSub20;Selección;0;0;0;0;0;
702;Brasil;Robo;MundialSub20;0;0;0;0;0;
703;Italia;Colombia;MundialSub20;0;0;0;0;0;
704;Italia;Colombia;MundialSub20;0;0;0;0;0;
705;Colombia;MundialSub20;Argentina2023;0;0;0;0;0;
706;Deportes;Mentalidad;PechoFrío;0;0;0;0;0;
707;Equipos;Israel;Miedo;0;0;0;0;0;0.0
708;MundialSub20;Colombia;Italia;0;0;0;0;0;
709;Colombia;Italia;MundialSub20;0;0;0;0;0;0.0
710;U20WC;Colombia;Italia;0;0;0;0;0;0.0
711;Colombia;MundialSub20;Ataque;0;0;0;0;0;
712;MundialSub20;Colombia;Italia;0;0;0;0;0;0.0
713;Colombia;MundialSub20;Errores;0;0;0;0;0;
714;OpiniónImpopular;YaserAsprilla;Asociación;0;0;0;0;0;
715;CONMEBOL;Adiós;MundialSub20;0;0;0;0;0;
716;Colombia;Reponerse;MundialSub20;0;0;0;0;0;
717;Situ;;;2;0;0;0;0;
718;Eliminación;MundialSub20;Colombia;0;0;0;0;0;0.0
719;Colombia;Italia;MundialSub20;4;0;0;0;0;
720;EnVivo;MundialSub20;Colombia;0;0;0;0;0;
721;Italia;Colombia;MundialSub20;0;0;0;0;0;
722;Colombia;MundialSub20;fe;0;0;0;0;0;
723;Italia;MundialSub20;Cesare Casadei;0;0;0;0;0;0.0
724;MundialSub20;Carlos Antonio;RCNConLaSeleccion;0;0;0;0;0;
725;Javier Fernández Franco;rcnconlaselección;cambios;0;0;0;0;0;
726;Italia;MundialSub20;mejor equipo;0;0;0;0;0;
727;barco;sueño mundialista;adiós;0;0;0;0;0;0.0
728;Estados Unidos;Uruguay;MundialSub20;0;0;0;0;0;
729;MundialSub20;Israel;Brasil;1;0;0;0;0;
730;MundialSub20;cuartos de final;partido;0;0;0;0;0;
731;Colombia;Italia;segundo tiempo;0;0;0;0;0;
732;Italia;Colombia;Tuluá;0;0;0;0;0;
733;BTSFesta2023;mundialsub20;bello;0;0;0;0;0;0.0
734;Deportes;Israel;Brasil;1;0;0;0;0;
735;Jugadores;Ángel;Asprilla;0;0;0;0;0;
736;U20WC;Argentina2023;Colombia;0;0;0;0;0;
737;Manyoma;Colombia;Italia;0;0;0;0;0;0.0
738;insultos;POZAJEDA;desubicados;0;0;0;0;0;
739;Colombia;Italia;remontada;0;0;0;0;0;
740;Eduardo Luis;CanalRCN;comentaristas;0;0;0;0;0;
741;MundialSub20;Israel;Brasil;0;0;0;0;0;
742;Italia;Colombia;MundialSub20;1;0;0;0;0;
743;Italia;MundialSub20;Tommaso Baldanzi;1;0;0;0;0;0.0
744;Héctor Cárdenas;Italia;MundialSub20;0;0;0;0;0;
745;Colombia;MundialSub20;vamos;0;0;0;0;0;0.0
746;Colombia;Italia;MundialSub20;0;0;0;0;0;
747;Israel;Brasil;MundialSub20;0;0;0;0;0;
748;Colombia;adiós;MundialSub20;0;0;0;0;0;0.0
749;Colombia;Italia;MundialSub20;0;0;0;0;0;0.0
780;#TwitterSocialService;#ServicioSocialTwitter;#MundialSub20;0;0;1;0;0;0.0
781;#MundialSub20;Colombia vs Italia;Segundo tiempo;0;0;0;0;0;
782;#MundialSub20;Colombia vs Italia;Primer tiempo;0;0;0;0;0;
783;#MundialSub20;Italia vs Colombia;Segundo tiempo;0;0;0;0;0;
784;#MundialSub20;Vamos Colombia;Himno;0;0;0;0;0;
785;#MundialSub20;Italia vs Colombia;Primer tiempo;0;0;0;0;0;0.0
786;#MundialSub20;Colombia vs Italia;Marquinez;0;0;0;0;0;
787;#MundialSub20;Italia vs Colombia;Comienzo segundo tiempo;0;0;0;0;0;
788;#U20WC;#MundialSub20;Colombia vs Italia;0;0;0;0;0;
789;#MundialSub20;Cuartos de final;Italia vs Colombia;1;0;0;0;0;
790;#MundialSub20;Árbitro;Uruguay vs Estados Unidos;0;0;0;0;0;
791;Israel;Mundial 22;Triunfo colosal;0;0;0;0;0;
792;#MundialSub20;Colombia vs Italia;Inicio segundo tiempo;0;0;0;0;0;
793;#MundialSub20;Goleada;Desilusión;0;0;0;0;0;
794;#MundialSub20;Juego terrible;3-0 perdiendo;0;0;0;0;0;
795;#MundialSub20;Italia vs Colombia;Argentina2023;0;0;0;0;0;
796;#MundialSub20;Colombia vs Italia;Gol de Esposito;0;0;0;0;0;
797;#MundialSub20;Italia vs Colombia;Final del partido;0;0;0;0;0;
798;#MundialSub20;Italia vs Colombia;Selección eliminada;0;0;0;0;0;
799;#MundialSub20;Italia vs Colombia;Goleada;0;0;0;0;0;
800;#MundialSub20;Uruguay;Cuartos de final;0;0;0;0;0;
801;#MundialSub20;Autoelogio;;1;0;0;0;0;
802;Colombia eliminada;#MundialSub20;;0;0;0;0;0;
803;#MundialSub20;Italia vs Colombia;Gol de Esposito;0;0;0;0;0;
804;#MundialSub20;Colombia en crisis;;0;0;0;0;0;
805;#MundialSub20;Juego desubicado;Gol de taquito;0;0;0;0;0;
806;#MundialSub20;Apoyo a Italia;Burla a Colombia;0;0;0;0;0;
807;#MundialSub20;Gol de taquito;Desilusión;0;0;0;0;0;
808;#MundialSub20;Vergüenza;Colombia vs Italia;0;0;0;0;0;
809;#MundialSub20;Italia vs Colombia;Goleada;0;0;0;0;0;
810;Golazo;Esposito;MundialSub20;0;0;0;0;0;
811;Goleada;Colombia;MundialSub20;0;0;0;0;0;
812;Gol;DeTaquito;MundialSub20;0;0;0;0;0;
813;Gol;Italia;Colombia;0;0;0;0;0;
814;Eliminación;Colombia;MundialSub20;0;0;0;0;0;
815;Golazo;Italia;Colombia;0;0;0;0;0;
816;Gol;Italia;Colombia;0;0;0;0;0;
817;Desastre;Marca;Colombia;0;0;0;0;0;0.0
818;Golazo;Esposito;MundialSub20;0;0;0;0;0;0.0
819;Gol;Italia;Colombia;0;0;0;0;0;
820;Golazo;Colombia;MundialSub20;1;0;0;0;0;
821;Comentario;Irrelevante;MundialSub20;1;0;0;0;0;
822;Gol;Colombia;MundialSub20;0;0;0;0;0;
823;Goleada;Colombia;MundialSub20;0;0;0;0;0;
824;Gol;Italia;Colombia;0;0;0;0;0;
825;Arrepentimiento;Comentario;MundialSub20;0;0;0;0;0;
826;Gol;Colombia;MundialSub20;0;0;0;0;0;
827;Silencio;MundialSub20;Colombia;0;0;0;0;0;
828;Jugada;Baldanzi;MundialSub20;0;0;0;0;0;
829;Resultados;Sudamericanos;MundialSub20;0;0;0;0;0;
830;Desconocimiento;MundialSub20;Olvido;0;0;0;0;0;
831;Gol;Colombia;Italia;0;0;0;0;0;
832;MalInicio;Colombia;MundialSub20;0;0;0;0;0;
833;Golazo;Torres;MundialSub20;0;0;0;0;0;
834;Golazo;Colombia;MundialSub20;0;0;0;0;0;
835;Descuento;Colombia;MundialSub20;0;0;0;0;0;
836;Gol;Colombia;Italia;0;0;0;0;0;
837;Apoyo;Colombia;MundialSub20;4;0;0;0;0;
838;Gol;Colombia;MundialSub20;0;0;0;0;0;
839;Golazo;Colombia;Italia;1;0;0;0;0;
840;Gol;Italia;Colombia;0;0;0;0;0;
841;Golazo;Colombia;Italia;0;0;0;0;0;
842;Gol;Colombia;Italia;0;0;0;0;0;
843;Israel;Semifinal;MundialSub20;0;0;0;0;0;
844;Descuento;Johan Torres;Italia;0;0;0;0;0;0.0
845;Italia;Colombia;MundialSub20;0;0;0;0;0;
846;Cuartos de final;Israel;Brasil;0;0;0;0;0;
847;Gol;Esposito;Italia;0;0;0;0;0;
848;Gol;Italia;Colombia;1;0;0;0;0;
849;Gol;Colombia;Italia;0;0;0;0;0;
850;Colombia;Italia;MundialSub20;0;0;0;0;0;
851;Gol;Colombia;Italia;0;0;0;0;0;
852;Gol;Torres;Italia;0;0;0;0;0;
853;Golazo;Colombia;MundialSub20;0;0;0;0;0;
854;Colombia;MundialSub20;RCNConLaSelección;1;0;0;0;0;
855;Italia;Colombia;MundialSub20;1;0;0;0;0;0.0
856;Team Neogranadino;MundialSub20;Israel;0;0;0;0;0;
857;Descuento;Johan Torres;Italia;1;0;0;0;0;
858;Gol;Colombia;Italia;0;0;0;0;0;
859;Gol;Colombia;Italia;0;0;0;0;0;
860;Gol;Colombia;MundialSub20;0;0;0;0;0;
861;Gol;Colombia;Italia;0;0;0;0;0;
862;Gol;Colombia;Italia;0;0;0;0;0;
863;Colombia;MundialSub20;miedo;0;0;0;0;0;
864;Gol;Colombia;Italia;0;0;0;0;0;
865;Colombia;MundialSub20;miedo;1;0;0;0;0;0.0
866;Colombia;MundialSub20;estrategia;0;0;0;0;0;
867;Gol;Colombia;Italia;0;0;0;0;0;0.0
868;Despertar;Colombia;MundialSub20;0;0;0;0;0;
869;Fútbol;Pérdida;MundialSub20;0;0;0;0;0;
870;MundialSub20;Colombia;Italia;0;0;0;0;0;
871;MundialSub20;Colombia;mentalidad;0;0;0;0;0;
872;MundialSub20;Italia;gol;0;0;0;0;0;0.0
873;MundialSub20;Colombia;gol;0;0;0;0;0;
874;MundialSub20;Colombia;remontar;0;0;0;0;0;
875;MundialSub20;ColombiaItalia;Jhojan Torres;0;0;0;0;0;0.0
876;facup;manchestercity;psg;0;0;0;0;0;
